Name,Link,Phone Number,Website,Email
Mediaplus UK,https://www.google.com/maps/place/Mediaplus+UK/data=!4m7!3m6!1s0x48760ff6c4512e41:0xcc232d7bf6110dbe!8m2!3d51.515216!4d-0.136694!16s%2Fg%2F1td2tcsr!19sChIJQS5RxPYPdkgRvg0R9nstI8w?authuser=0&hl=en&rclk=1,+44 20 7937 3793,https://www.house-of-communication.com/uk/en/brands/mediaplus.html,crm@serviceplan.com
Kinsman & Co,https://www.google.com/maps/place/Kinsman+%26+Co/data=!4m7!3m6!1s0x48761d3a6b428f9f:0x4c8a5f22cca3c683!8m2!3d51.530122!4d-0.075385!16s%2Fg%2F11vyt5vhkr!19sChIJn49CazoddkgRg8ajzCJfikw?authuser=0&hl=en&rclk=1,+44 20 4602 5021,https://www.kinsmanco.com/digital-marketing-agency-london/?utm_source=gbp&utm_medium=organic&utm_campaign=trial_dm&utm_id=service-page,info@kinsmanco.com
The Good Marketer | Digital Marketing Agency London,https://www.google.com/maps/place/The+Good+Marketer+%7C+Digital+Marketing+Agency+London/data=!4m7!3m6!1s0x47d8a1419b07cfa7:0xb1b1e60c34b3f26f!8m2!3d51.5167608!4d-0.0673869!16s%2Fg%2F11f042ss_d!19sChIJp88Hm0Gh2EcRb_KzNAzmsbE?authuser=0&hl=en&rclk=1,+44 20 3576 2150,https://www.thegoodmarketer.co.uk/,info@thegoodmarketer.co.uk
Pearl Lemon,https://www.google.com/maps/place/Pearl+Lemon/data=!4m7!3m6!1s0x487604cfb336698f:0xa2f0c34a77caff33!8m2!3d51.5273851!4d-0.0891169!16s%2Fg%2F11cs3zlrvr!19sChIJj2k2s88EdkgRM__Kd0rD8KI?authuser=0&hl=en&rclk=1,+44 20 7183 3436,https://pearllemon.com/,info@pearllemongroup.com
Iconic Digital,https://www.google.com/maps/place/Iconic+Digital/data=!4m7!3m6!1s0x487604cbe1cc2a85:0x13106ca620dd0e98!8m2!3d51.5096285!4d-0.121906!16s%2Fg%2F1ptvvj0cb!19sChIJhSrM4csEdkgRmA7dIKZsEBM?authuser=0&hl=en&rclk=1,+44 20 7100 0726,https://www.iconicdigital.co.uk/,N/A
Dream Digital Agency,https://www.google.com/maps/place/Dream+Digital+Agency/data=!4m7!3m6!1s0x2ac6c5a11580c909:0x143fc1c2f9ee956e!8m2!3d51.5272357!4d-0.0886604!16s%2Fg%2F11pd_pyccd!19sChIJCcmAFaHFxioRbpXu-cLBPxQ?authuser=0&hl=en&rclk=1,+44 800 043 8894,https://dreamdigital.agency/,N/A
Make Agency,https://www.google.com/maps/place/Make+Agency/data=!4m7!3m6!1s0x48761cd0645b826b:0x31bb39a98980dbcf!8m2!3d51.5238339!4d-0.0829043!16s%2Fg%2F1q6jcm5y5!19sChIJa4JbZNAcdkgRz9uAiak5uzE?authuser=0&hl=en&rclk=1,+44 20 3567 0860,http://makeagency.co.uk/,N/A
Visionary Marketing | Digital Marketing Agency London,https://www.google.com/maps/place/Visionary+Marketing+%7C+Digital+Marketing+Agency+London/data=!4m7!3m6!1s0x48761d9c56661ca1:0xe85e1d72a57054b4!8m2!3d51.5227003!4d-0.0869551!16s%2Fg%2F11wv2jn943!19sChIJoRxmVpwddkgRtFRwpXIdXug?authuser=0&hl=en&rclk=1,+44 191 607 6707,https://visionary-marketing.co.uk/digital-marketing-agency-london,John.doe@gmail.com
PN Digital SEO Agency London,https://www.google.com/maps/place/PN+Digital+SEO+Agency+London/data=!4m7!3m6!1s0x48769b1096e9fb0f:0x20bb84479f26b7fe!8m2!3d51.5270735!4d-0.0886128!16s%2Fg%2F11ddx6f4jm!19sChIJD_vplhCbdkgR_rcmn0eEuyA?authuser=0&hl=en&rclk=1,+44 20 7846 0130,https://pndigital.co.uk/?gmb,info@pndigital.co.uk
Influence Digital,https://www.google.com/maps/place/Influence+Digital/data=!4m7!3m6!1s0x48761b292e45619f:0x9aca541f20fc060!8m2!3d51.5200292!4d-0.0703168!16s%2Fg%2F11btm9p_tl!19sChIJn2FFLikbdkgRYMAP8kGlrAk?authuser=0&hl=en&rclk=1,+44 20 7034 2669,https://influence.digital/,info@influence.digital
Passion Digital,https://www.google.com/maps/place/Passion+Digital/data=!4m7!3m6!1s0x4876045217839471:0xf9ead263f91cffe7!8m2!3d51.5174204!4d-0.1226863!16s%2Fg%2F113fs385t!19sChIJcZSDF1IEdkgR5_8c-WPS6vk?authuser=0&hl=en&rclk=1,+44 20 3432 1360,https://passion.digital/?utm_source=google&utm_medium=organic&utm_campaign=googlemybusiness,info@passion.digital
London Marketing Company - Marketing | Web Design | SEO Agency London,https://www.google.com/maps/place/London+Marketing+Company+-+Marketing+%7C+Web+Design+%7C+SEO+Agency+London/data=!4m7!3m6!1s0x487605af3b58db85:0x19c76936cd6df93b!8m2!3d51.5099078!4d-0.1452095!16s%2Fg%2F11s7fw7p3s!19sChIJhdtYO68FdkgRO_ltzTZpxxk?authuser=0&hl=en&rclk=1,+44 20 3369 5050,https://londonmarketingcompany.co.uk/?utm_source=google&utm_medium=organic&utm_campaign=gmb-profile,info@bristolmarketingcompany.co.uk
Genie Crawl SEO Agency London,https://www.google.com/maps/place/Genie+Crawl+SEO+Agency+London/data=!4m7!3m6!1s0x48760d297d3e9bcd:0xf63c9d9a55a3ea1e!8m2!3d51.4500284!4d-0.3581465!16s%2Fg%2F11h18gmr3p!19sChIJzZs-fSkNdkgRHuqjVZqdPPY?authuser=0&hl=en&rclk=1,+44 20 8099 7559,https://www.geniecrawl.com/?utm_source=google-my-business&utm_medium=organic&utm_campaign=google-my-business,contact@geniecrawl.com
Figment Agency,https://www.google.com/maps/place/Figment+Agency/data=!4m7!3m6!1s0x48760beb6d9a0797:0x51f4c40c11446602!8m2!3d51.4990026!4d-0.1158644!16s%2Fg%2F1tgyw5h0!19sChIJlweabesLdkgRAmZEEQzE9FE?authuser=0&hl=en&rclk=1,+44 20 3642 2228,https://www.figmentagency.com/,contoso@example.com
SideDish Media,https://www.google.com/maps/place/SideDish+Media/data=!4m7!3m6!1s0x48761b716553c623:0x1e6ea350a9b091cf!8m2!3d51.5158749!4d-0.1317564!16s%2Fg%2F11f8hszktm!19sChIJI8ZTZXEbdkgRz5GwqVCjbh4?authuser=0&hl=en&rclk=1,+44 20 7157 9943,https://www.sidedishmedia.co.uk/?utm_source=SDM%20-%20GMB&utm_medium=GMB&utm_campaign=Website%20click%20from%20GMB,Enquire@sidedishmedia.co.uk
s360 Digital UK,https://www.google.com/maps/place/s360+Digital+UK/data=!4m7!3m6!1s0x487604d5a1c8235d:0xe752759bee33c16f!8m2!3d51.5023976!4d-0.0925954!16s%2Fg%2F1tg5z33d!19sChIJXSPIodUEdkgRb8Ez7pt1Uuc?authuser=0&hl=en&rclk=1,+44 7465 280990,https://www.crawlbytes.com/,crawlbytes@gmail.com
Loving Social Media,https://www.google.com/maps/place/Loving+Social+Media/data=!4m7!3m6!1s0x48761f24d4771c95:0xf019ad79303fac42!8m2!3d51.6568789!4d-0.0682313!16s%2Fg%2F1td4d0s8!19sChIJlRx31CQfdkgRQqw_MHmtGfA?authuser=0&hl=en&rclk=1,+44 20 3846 8888,https://lovingsocialmedia.com/,info@lovingsocialmedia.com
GA Agency,https://www.google.com/maps/place/GA+Agency/data=!4m7!3m6!1s0x48760f713ae45cc7:0x130cc83869945f1e!8m2!3d51.5133291!4d-0.1361574!16s%2Fg%2F11j2smn92d!19sChIJx1zkOnEPdkgRHl-UaTjIDBM?authuser=0&hl=en&rclk=1,N/A,http://www.ga.agency/,hello@ga.agency
Hex Digital,https://www.google.com/maps/place/Hex+Digital/data=!4m7!3m6!1s0x487604a7b851580b:0xa6514a506a08a78b!8m2!3d51.5144749!4d-0.104898!16s%2Fg%2F1tlqpgb1!19sChIJC1hRuKcEdkgRi6cIalBKUaY?authuser=0&hl=en&rclk=1,+44 20 7859 4640,https://hexdigital.com/,hello@hexdigital.com
Digital Marketing Agency London,https://www.google.com/maps/place/Digital+Marketing+Agency+London/data=!4m7!3m6!1s0x487605359f9d33c3:0x29be7e6f39d82c55!8m2!3d51.5111019!4d-0.1868485!16s%2Fg%2F11tfq62mzg!19sChIJwzOdnzUFdkgRVSzYOW9-vik?authuser=0&hl=en&rclk=1,+44 20 8058 0446,https://digitalmarketing-agency.uk/,N/A
Jives Media,https://www.google.com/maps/place/Jives+Media/data=!4m7!3m6!1s0x4876031e14c02251:0x611ee2a424aba5ce!8m2!3d51.503627!4d-0.015056!16s%2Fg%2F11rc0m34l9!19sChIJUSLAFB4DdkgRzqWrJKTiHmE?authuser=0&hl=en&rclk=1,+44 20 4600 7444,https://www.jivesmedia.com/digital-marketing-agency-in-london/,info@jivesmedia.com
Digital Marketing Agency in London,https://www.google.com/maps/place/Digital+Marketing+Agency+in+London/data=!4m7!3m6!1s0xa3198059bebd9f97:0xfcd827854617568c!8m2!3d51.5286416!4d-0.1015987!16s%2Fg%2F11t369mjd6!19sChIJl5-9vlmAGaMRjFYXRoUn2Pw?authuser=0&hl=en&rclk=1,+44 7723 440899,https://discovermybusiness.com/,N/A
Mediaplus UK,https://www.google.com/maps/place/Mediaplus+UK/data=!4m7!3m6!1s0x48760ff6c4512e41:0xcc232d7bf6110dbe!8m2!3d51.515216!4d-0.136694!16s%2Fg%2F1td2tcsr!19sChIJQS5RxPYPdkgRvg0R9nstI8w?authuser=0&hl=en&rclk=1,+44 20 7937 3793,https://www.house-of-communication.com/uk/en/brands/mediaplus.html,crm@serviceplan.com
Kinsman & Co,https://www.google.com/maps/place/Kinsman+%26+Co/data=!4m7!3m6!1s0x48761d3a6b428f9f:0x4c8a5f22cca3c683!8m2!3d51.530122!4d-0.075385!16s%2Fg%2F11vyt5vhkr!19sChIJn49CazoddkgRg8ajzCJfikw?authuser=0&hl=en&rclk=1,+44 20 4602 5021,https://www.kinsmanco.com/digital-marketing-agency-london/?utm_source=gbp&utm_medium=organic&utm_campaign=trial_dm&utm_id=service-page,info@kinsmanco.com
KAMG,https://www.google.com/maps/place/KAMG/data=!4m7!3m6!1s0x48761b091ecb93e7:0xd5c6f4dc6721f1f6!8m2!3d51.5169528!4d-0.1047065!16s%2Fg%2F11j3w7chy7!19sChIJ55PLHgkbdkgR9vEhZ9z0xtU?authuser=0&hl=en&rclk=1,+44 20 8050 1306,https://kasandz.com/?utm_source=GBP&utm_medium=organic,team@kasandz.com
Disturb Digital,https://www.google.com/maps/place/Disturb+Digital/data=!4m7!3m6!1s0x4876137370ba9f75:0xeea2f30281b283bd!8m2!3d51.5800049!4d-0.3369108!16s%2Fg%2F11gtg9qjwg!19sChIJdZ-6cHMTdkgRvYOygQLzou4?authuser=0&hl=en&rclk=1,+44 20 8819 1867,http://disturbdigital.com/,hello@disturbdigital.com
Immersive Media,https://www.google.com/maps/place/Immersive+Media/data=!4m7!3m6!1s0x48610b8f99b1fed9:0x1fd4322c9d7fac!8m2!3d51.5198906!4d-0.0863953!16s%2Fg%2F11vspkm2l3!19sChIJ2f6xmY8LYUgRrH-dLDLUHwA?authuser=0&hl=en&rclk=1,+44 20 8644 9922,https://www.imwebdesignmarketing.co.uk/,hello@imwebdesignmarketing.co.uk
Gripped,https://www.google.com/maps/place/Gripped/data=!4m7!3m6!1s0x487603585f975acf:0x9c8bc456668144db!8m2!3d51.5048455!4d-0.0933374!16s%2Fg%2F11gf0d64hd!19sChIJz1qXX1gDdkgR20SBZlbEi5w?authuser=0&hl=en&rclk=1,+44 330 808 0988,https://gripped.io/,hello@gripped.io
Propeller Digital,https://www.google.com/maps/place/Propeller+Digital/data=!4m7!3m6!1s0x48761b34b54490e3:0x6916e3c676dfe9ae!8m2!3d51.5348637!4d-0.1018676!16s%2Fg%2F1tfcbn7z!19sChIJ45BEtTQbdkgRrunfdsbjFmk?authuser=0&hl=en&rclk=1,+44 20 7836 2736,http://propeller.co.uk/?utm_source=Google&utm_medium=GMB,info@propellernewyork.com
Digital Marketing Agency - Digi Instant - London,https://www.google.com/maps/place/Digital+Marketing+Agency+-+Digi+Instant+-+London/data=!4m7!3m6!1s0x4018ca34a748f877:0x93b09e5769e02674!8m2!3d51.5168478!4d-0.1103918!16s%2Fg%2F11tp67jd54!19sChIJd_hIpzTKGEARdCbgaVeesJM?authuser=0&hl=en&rclk=1,+44 7442 398077,https://digiinstant.com/,agent@digiinstant.com
First Place SEO,https://www.google.com/maps/place/First+Place+SEO/data=!4m7!3m6!1s0x487605123b286f99:0x521fb3538fbe7477!8m2!3d51.5136682!4d-0.1415505!16s%2Fg%2F11y338nj0v!19sChIJmW8oOxIFdkgRd3S-j1OzH1I?authuser=0&hl=en&rclk=1,+44 20 7112 8794,https://firstplaceseo.co.uk/,info@firstplaceseo.co.uk
Why Media,https://www.google.com/maps/place/Why+Media/data=!4m7!3m6!1s0x4876052ada6656c1:0xe37f4dc033f3b492!8m2!3d51.509329!4d-0.137949!16s%2Fg%2F1jgm1fysn!19sChIJwVZm2ioFdkgRkrTzM8BNf-M?authuser=0&hl=en&rclk=1,+44 20 3007 6002,https://whymedia.com/,N/A
